{"cameraMode":{"drawMode":0,"name":"Shaded","section":"Shading Mode"},"sceneLighting":true,"audioPlay":false,"sceneViewState":{"showFog":true,"showMaterialUpdate":false,"showSkybox":true,"showFlares":true,"showImageEffects":true,"showParticleSystems":true},"in2DMode":false,"pivot":{"x":-0.0006405115127563477,"y":-0.00005698204040527344,"z":-0.014690518379211426},"rotation":{"x":-0.33395034074783327,"y":-0.5562441349029541,"z":-0.25018763542175295,"w":0.7193092107772827},"size":2.719569444656372,"orthographic":false}